Datetime,Water Level (m)
2025-12-13 12:00:00,-0.35826623
2025-12-13 13:00:00,-0.29724798
2025-12-13 14:00:00,-0.19127072
2025-12-13 15:00:00,-0.065925024
2025-12-13 16:00:00,0.032955766
2025-12-13 17:00:00,0.09143394
2025-12-13 18:00:00,0.091188245
2025-12-13 19:00:00,0.057919946
2025-12-13 20:00:00,-0.010861546
2025-12-13 21:00:00,-0.08929883
2025-12-13 22:00:00,-0.16905293
2025-12-13 23:00:00,-0.21874222
2025-12-14 00:00:00,-0.20692636
2025-12-14 01:00:00,-0.15944937
2025-12-14 02:00:00,-0.09376904
2025-12-14 03:00:00,-0.022779204
2025-12-14 04:00:00,0.018405508
2025-12-14 05:00:00,0.015645873
2025-12-14 06:00:00,-0.022748759
2025-12-14 07:00:00,-0.08881565
2025-12-14 08:00:00,-0.1639863
2025-12-14 09:00:00,-0.24770871
2025-12-14 10:00:00,-0.33538884
2025-12-14 11:00:00,-0.41377136
2025-12-14 12:00:00,-0.44031397
2025-12-14 13:00:00,-0.3855936
2025-12-14 14:00:00,-0.30044034
2025-12-14 15:00:00,-0.17779692
2025-12-14 16:00:00,-0.053467292
2025-12-14 17:00:00,0.042944513
2025-12-14 18:00:00,0.10046573
2025-12-14 19:00:00,0.10495681
2025-12-14 20:00:00,0.08042592
2025-12-14 21:00:00,0.026435057
2025-12-14 22:00:00,-0.057056032
2025-12-14 23:00:00,-0.13877049
2025-12-15 00:00:00,-0.21225691
2025-12-15 01:00:00,-0.23509435
2025-12-15 02:00:00,-0.2036783
2025-12-15 03:00:00,-0.15539777
2025-12-15 04:00:00,-0.09158471
2025-12-15 05:00:00,-0.043427065
2025-12-15 06:00:00,-0.0381659
2025-12-15 07:00:00,-0.06758566
2025-12-15 08:00:00,-0.124223165
2025-12-15 09:00:00,-0.19978787
2025-12-15 10:00:00,-0.28196996
2025-12-15 11:00:00,-0.37005424
2025-12-15 12:00:00,-0.44464582
2025-12-15 13:00:00,-0.44674715
2025-12-15 14:00:00,-0.382413
2025-12-15 15:00:00,-0.2827908
2025-12-15 16:00:00,-0.14279269
2025-12-15 17:00:00,-0.010242732
2025-12-15 18:00:00,0.09354458
2025-12-15 19:00:00,0.14777751
2025-12-15 20:00:00,0.15344876
2025-12-15 21:00:00,0.12342588
2025-12-15 22:00:00,0.059012275
2025-12-15 23:00:00,-0.037289184
2025-12-16 00:00:00,-0.12523217
2025-12-16 01:00:00,-0.21068911
2025-12-16 02:00:00,-0.23711458
2025-12-16 03:00:00,-0.2056308
2025-12-16 04:00:00,-0.15644266
2025-12-16 05:00:00,-0.089065686
2025-12-16 06:00:00,-0.040790837
2025-12-16 07:00:00,-0.039109454
2025-12-16 08:00:00,-0.0692429
2025-12-16 09:00:00,-0.12930726
2025-12-16 10:00:00,-0.20840092
2025-12-16 11:00:00,-0.29505387
2025-12-16 12:00:00,-0.3860906
2025-12-16 13:00:00,-0.45670626
2025-12-16 14:00:00,-0.4389472
2025-12-16 15:00:00,-0.3647455
2025-12-16 16:00:00,-0.24947768
2025-12-16 17:00:00,-0.09576637
2025-12-16 18:00:00,0.043255452
2025-12-16 19:00:00,0.14639303
2025-12-16 20:00:00,0.19390915
2025-12-16 21:00:00,0.18677627
2025-12-16 22:00:00,0.14335525
2025-12-16 23:00:00,0.06303704
2025-12-17 00:00:00,-0.045637503
2025-12-17 01:00:00,-0.14537765
2025-12-17 02:00:00,-0.2383677
2025-12-17 03:00:00,-0.26248708
2025-12-17 04:00:00,-0.2286889
2025-12-17 05:00:00,-0.17411967
2025-12-17 06:00:00,-0.10202455
2025-12-17 07:00:00,-0.057722397
2025-12-17 08:00:00,-0.06324043
2025-12-17 09:00:00,-0.09689584
2025-12-17 10:00:00,-0.16235168
2025-12-17 11:00:00,-0.245216
2025-12-17 12:00:00,-0.3371731
2025-12-17 13:00:00,-0.43287942
2025-12-17 14:00:00,-0.49104038
2025-12-17 15:00:00,-0.44704708
2025-12-17 16:00:00,-0.36089045
2025-12-17 17:00:00,-0.2239898
2025-12-17 18:00:00,-0.060751967
2025-12-17 19:00:00,0.08231114
2025-12-17 20:00:00,0.17680973
2025-12-17 21:00:00,0.21886751
2025-12-17 22:00:00,0.20274459
2025-12-17 23:00:00,0.14601223
2025-12-18 00:00:00,0.05304402
2025-12-18 01:00:00,-0.062054403
2025-12-18 02:00:00,-0.17388181
2025-12-18 03:00:00,-0.26821306
2025-12-18 04:00:00,-0.27527726
2025-12-18 05:00:00,-0.23219503
2025-12-18 06:00:00,-0.1650247
2025-12-18 07:00:00,-0.08553426
2025-12-18 08:00:00,-0.046153113
2025-12-18 09:00:00,-0.055394396
2025-12-18 10:00:00,-0.08758071
2025-12-18 11:00:00,-0.15872234
2025-12-18 12:00:00,-0.2440172
2025-12-18 13:00:00,-0.342794
2025-12-18 14:00:00,-0.4388893
2025-12-18 15:00:00,-0.47079596
2025-12-18 16:00:00,-0.40587378
2025-12-18 17:00:00,-0.30195844
2025-12-18 18:00:00,-0.14069149
2025-12-18 19:00:00,0.031502493
2025-12-18 20:00:00,0.1711546
2025-12-18 21:00:00,0.25867638
2025-12-18 22:00:00,0.27963203
2025-12-18 23:00:00,0.25218496
2025-12-19 00:00:00,0.17568806
2025-12-19 01:00:00,0.0714025
2025-12-19 02:00:00,-0.056800716
2025-12-19 03:00:00,-0.17098835
2025-12-19 04:00:00,-0.2436615
2025-12-19 05:00:00,-0.21707635
2025-12-19 06:00:00,-0.16196547
2025-12-19 07:00:00,-0.077571616
2025-12-19 08:00:00,0.00016366708
2025-12-19 09:00:00,0.020376632
2025-12-19 10:00:00,0.0060378257
2025-12-19 11:00:00,-0.043861028
2025-12-19 12:00:00,-0.12726866
